{
    "accuracy": 0.6669879518072289,
    "precision": 0.7773972602739726,
    "recall": 0.44729064039408867,
    "auc": 0.7227483966911423
}